rep,Generation,phylogenetic_diversity,diversity,ave_depth,mrca_depth,mean_pairwise_distance,min_pairwise_distance,max_pairwise_distance,variance_pairwise_distance,mean_evolutionary_distinctiveness,min_evolutionary_distinctiveness,max_evolutionary_distinctiveness,variance_evolutionary_distinctiveness,num_roots,num_active_taxa,num_total_orgs
003,71619,8066,8.76694,1286.89,345,1131.38,1,1940,394954,871.483,428.486,3062.49,91354.1,1,625,3600,-1
020,69693,7301,8.79596,1287.98,60,1492.92,1,2498,1002490,713.532,409.048,1445.32,42530.7,1,628,3600,-1
021,65216,6417,8.87815,1203.83,510,920.919,1,1434,251943,571.768,262.635,3774.75,49768.6,1,658,3600,-1
042,68566,6305,8.88397,1247.9,514,934.005,1,1516,267147,559.562,261.653,1669.93,33651.8,1,654,3600,-1
044,71009,7074,8.90355,1306.27,431,1002.73,1,1783,340409,734.145,347.047,3284.62,76698.5,1,645,3600,-1
050,61067,6437,8.82623,1151.98,196,1205.25,1,1942,611181,592.66,224.244,1405.51,29318.4,1,649,3600,-1
